Lambda,Accuracy
0.05,92.93809523809524
0.1,92.95476190476191
0.15,92.92142857142856
