Iterations,Accuracy
10,89.06666666666668
20,90.76666666666667
30,91.40238095238095
40,91.87619047619047
50,92.11190476190477
60,92.18809523809523
70,92.47857142857143
80,92.46666666666667
90,92.55
100,92.61190476190477
110,92.71190476190476
120,92.72619047619047
130,92.79285714285714
140,92.79761904761905
150,92.81666666666666
160,92.87142857142857
170,92.87857142857143
180,92.95476190476191
190,92.94761904761904
